{"info":{"_postman_id":"1f632ac6-182a-4179-a3fb-405abd1d7e16","name":"Postman OData Tutorial","schema":"https://schema.getpostman.com/json/collection/v2.1.0/collection.json"},"item":[{"name":"01. Read the service root","id":"1cd6cec8-5715-4972-871b-6a5a9ac74a16","protocolProfileBehavior":{"disableBodyPruning":true},"request":{"method":"GET","header":[],"url":{"raw":"http://services.odata.org/V4/TripPinService/","protocol":"http","host":["services","odata","org"],"path":["V4","TripPinService",""]},"description":"All REST APIs should have a single entry point from which a generic hypermedia client can navigate to the resources in the service. In the response we see links to three things: 1. The $metadata document that describes the schema of ther service 2. Links to various collections of objects like People and Airports 3. Links to other top-level items like Me (a singleton) and operations."},"response":[]},{"name":"02. Read the service metadata","id":"a7089104-b087-45b9-9a57-de5131e3b0b5","protocolProfileBehavior":{"disableBodyPruning":true},"request":{"method":"GET","header":[],"url":{"raw":"http://services.odata.org/V4/TripPinService/$metadata","protocol":"http","host":["services","odata","org"],"path":["V4","TripPinService","$metadata"]},"description":"$metadata is an endpoint in OData services that contains a machine-readable description of the service model including type schemas, available operations, etc."},"response":[]},{"name":"03. Read an entity set","id":"273b13b8-7f0e-4ac6-8f7b-5075f5b59d7f","protocolProfileBehavior":{"disableBodyPruning":true},"request":{"method":"GET","header":[],"url":{"raw":"http://services.odata.org/V4/TripPinService/People","protocol":"http","host":["services","odata","org"],"path":["V4","TripPinService","People"]},"description":"One of the most common responses from a REST API is a collection of resources. In this case we asked for the People collection. For each response, the OData service writes a self-described response (another REST principle) by annotating the response with a context URL. This context URL tells the service that the contents of the response are a collection of things in the People entity set. The @odata.nextLink annotation is present because the server opted to split the result set across multiple pages. The client can also drive paging using $top and $skip, but server-side paging is a mitigation against DoS attacks. The value property contains the bulk of the response. Note that @odata.id and @odata.editLink should generally not be present in the payload unless they deviate from convention. In this case it appears that there is a bug in our sample service. Pretend those properties aren't there."},"response":[]},{"name":"04. Get a single entity from an entity set","id":"906bce7d-e146-4884-8688-05ff01640438","protocolProfileBehavior":{"disableBodyPruning":true},"request":{"method":"GET","header":[],"url":{"raw":"http://services.odata.org/V4/TripPinService/People('russellwhyte')","protocol":"http","host":["services","odata","org"],"path":["V4","TripPinService","People('russellwhyte')"]},"description":"To get a particular entity from a collection, append a key segment. By default, key segments in OData services are bounded by parens because they may be composite keys, e.g., OrderLine(OrderId=1,LineNumber=1) or alternate keys, e.g., Person(SSN='000-00-0000') and Person(2115) both address the same resource. Some OData services use normal URL segments for key segments, e.g., Orders/1. This is not recommended because of the scenarios mentioned above."},"response":[]},{"name":"05. Get a primitive property","id":"402f813d-a3de-460d-9b41-2f1cb5a8997b","protocolProfileBehavior":{"disableBodyPruning":true},"request":{"method":"GET","header":[],"url":{"raw":"http://services.odata.org/V4/TripPinService/People('russellwhyte')/FirstName","protocol":"http","host":["services","odata","org"],"path":["V4","TripPinService","People('russellwhyte')","FirstName"]},"description":"Even when fetching a primitive property, an object wrapper is returned rather than returning the raw primitive. This is to protect against a JSON vulnerability."},"response":[]},{"name":"06. Get the raw value of a primitive property","id":"18f9abce-9eb3-4f84-ad09-4456068242a6","protocolProfileBehavior":{"disableBodyPruning":true},"request":{"method":"GET","header":[],"url":{"raw":"http://services.odata.org/V4/TripPinService/People('russellwhyte')/FirstName/$value","protocol":"http","host":["services","odata","org"],"path":["V4","TripPinService","People('russellwhyte')","FirstName","$value"]},"description":"If you really want the raw value of a primitive property, you can get it by appending $value to the URL. Note that the Content-Type header indicates that the content is text/plain."},"response":[]},{"name":"07. Navigate to related entities","id":"f260af8e-d196-492e-97bf-0318eb393114","protocolProfileBehavior":{"disableBodyPruning":true},"request":{"method":"GET","header":[],"url":{"raw":"http://services.odata.org/V4/TripPinService/People('russellwhyte')/Friends('scottketchum')/AddressInfo","protocol":"http","host":["services","odata","org"],"path":["V4","TripPinService","People('russellwhyte')","Friends('scottketchum')","AddressInfo"]},"description":"To navigate the resource graph, keep appending segments representing valid property names as defined in $metadata or in a full metadata response (see query x). In this case we have started from the service root, navigated to the entity set People, navigated to the resource keyed 'russellwhyte', navigated to the Friends property, navigated to the resource keyed 'scottketchum', and finally navigated to the AddressInfo property. Note that the @odata.context URL self-describes the payload."},"response":[]},{"name":"08. Filter a collection","id":"c16f7c39-8a89-4f48-a6ed-9dacaf205bc0","protocolProfileBehavior":{"disableBodyPruning":true},"request":{"method":"GET","header":[],"url":{"raw":"http://services.odata.org/V4/TripPinService/People?$filter=FirstName eq 'Vincent'","protocol":"http","host":["services","odata","org"],"path":["V4","TripPinService","People"],"query":[{"key":"$filter","value":"FirstName eq 'Vincent'"}]},"description":"The $filter system query option can be used to filter any collection of resources. Note that the response to a filtered collection is a collection of the same type, regardless of the number of matched resources."},"response":[]},{"name":"09. Filter on enumeration properties","id":"5b7d1e57-4d63-4d27-9ab0-aa55a96fd5bf","protocolProfileBehavior":{"disableBodyPruning":true},"request":{"method":"GET","header":[],"url":{"raw":"http://services.odata.org/V4/TripPinService/People?$filter=Gender eq Microsoft.OData.SampleService.Models.TripPin.PersonGender'Female'","protocol":"http","host":["services","odata","org"],"path":["V4","TripPinService","People"],"query":[{"key":"$filter","value":"Gender eq Microsoft.OData.SampleService.Models.TripPin.PersonGender'Female'"}]},"description":"You can filter any type of collection in OData services. When referring to a member of enum properties, please don't ignore the namespace for the enum property."},"response":[]},{"name":"10. Filter on nested structures","id":"b382bc97-6234-49c3-bb4c-c4f0d8157fd2","protocolProfileBehavior":{"disableBodyPruning":true},"request":{"method":"GET","header":[],"url":{"raw":"http://services.odata.org/V4/TripPinService/Airports?$filter=Location/City/Region eq 'California'","protocol":"http","host":["services","odata","org"],"path":["V4","TripPinService","Airports"],"query":[{"key":"$filter","value":"Location/City/Region eq 'California'"}]},"description":"You can use any related properties in a filter clause by using the same segments used in the path to traverse properties."},"response":[]},{"name":"11. Filter using logic operators","id":"1b403cbd-8aa5-45ac-902f-18a7de9e6b09","protocolProfileBehavior":{"disableBodyPruning":true},"request":{"method":"GET","header":[],"url":{"raw":"http://services.odata.org/V4/TripPinService/People?$filter=not(contains(FirstName,'Q')) and (AddressInfo/any(ai:ai/City/Region eq 'WA') or AddressInfo/any(ai:ai/City/Region eq 'ID'))","protocol":"http","host":["services","odata","org"],"path":["V4","TripPinService","People"],"query":[{"key":"$filter","value":"not(contains(FirstName,'Q')) and (AddressInfo/any(ai:ai/City/Region eq 'WA') or AddressInfo/any(ai:ai/City/Region eq 'ID'))"}]},"description":"You can use and, or and not to create more complex filter clauses."},"response":[]},{"name":"12. Filter using any/all operators","id":"3737c809-be26-47a8-afee-fec4162aa7d5","protocolProfileBehavior":{"disableBodyPruning":true},"request":{"method":"GET","header":[],"url":{"raw":"http://services.odata.org/V4/TripPinService/People?$filter=Emails/any(e: endswith(e, 'contoso.com'))","protocol":"http","host":["services","odata","org"],"path":["V4","TripPinService","People"],"query":[{"key":"$filter","value":"Emails/any(e: endswith(e, 'contoso.com'))"}]},"description":"You can use any/all lambda-style filters for collection properties."},"response":[]},{"name":"13. Filter using built-in functions","id":"00eb9ef2-3737-4de8-89c5-89406a109ee3","protocolProfileBehavior":{"disableBodyPruning":true},"request":{"method":"GET","header":[],"url":{"raw":"http://services.odata.org/V4/TripPinService/People('russellwhyte')/Trips(0)/PlanItems/Microsoft.OData.SampleService.Models.TripPin.Flight","protocol":"http","host":["services","odata","org"],"path":["V4","TripPinService","People('russellwhyte')","Trips(0)","PlanItems","Microsoft.OData.SampleService.Models.TripPin.Flight"]},"description":"Built-in functions may be leveraged to filter the collection."},"response":[]},{"name":"14. Sort a collection","id":"4054a255-c85a-4733-971e-c6582bc04ef2","protocolProfileBehavior":{"disableBodyPruning":true},"request":{"method":"GET","header":[],"url":{"raw":"http://services.odata.org/V4/TripPinService/People?$orderby=length(FirstName) desc,UserName","protocol":"http","host":["services","odata","org"],"path":["V4","TripPinService","People"],"query":[{"key":"$orderby","value":"length(FirstName) desc,UserName"}]},"description":"You can use the $orderby system query option to specify ordering criteria. You can use many of the functions usable in $filter in $orderby as well."},"response":[]},{"name":"15. Client-side paging","id":"bb1ab055-b1ee-48bf-a18a-d5f9e14a56a7","protocolProfileBehavior":{"disableBodyPruning":true},"request":{"method":"GET","header":[],"url":{"raw":"http://services.odata.org/V4/TripPinService/People?$top=2&$skip=2","protocol":"http","host":["services","odata","org"],"path":["V4","TripPinService","People"],"query":[{"key":"$top","value":"2"},{"key":"$skip","value":"2"}]},"description":"There are two types of paging in OData services. Servers can enable server-side paging, returning nextLinks that clients can follow to subsequent pages. Clients can drive paging using $top and $skip."},"response":[]},{"name":"16. Counting the elements in a collection","id":"8c54e008-9a77-4e0b-b3cf-8ddefd017f79","protocolProfileBehavior":{"disableBodyPruning":true},"request":{"method":"GET","header":[],"url":{"raw":"http://services.odata.org/V4/TripPinService/People/$count","protocol":"http","host":["services","odata","org"],"path":["V4","TripPinService","People","$count"]},"description":"If you want to know how many items meet a condition, you can use the $count path segment. Note that the Content-Type header indicates that the content is text/plain. Although it doesn't work with system query options in the reference service, $count can typically be combined with $filter."},"response":[]},{"name":"17. Expand related entities","id":"b52a7fec-90cf-499d-a0a6-0a0dee757e7d","protocolProfileBehavior":{"disableBodyPruning":true},"request":{"method":"GET","header":[],"url":{"raw":"http://services.odata.org/V4/TripPinService/People?$expand=Friends,Trips","protocol":"http","host":["services","odata","org"],"path":["V4","TripPinService","People"],"query":[{"key":"$expand","value":"Friends,Trips"}]},"description":"You can use the $expand system query option to include related resources. The expand clause can include many of the other system query options, enabling left-join type semantics. Also, you can expand <property>/$ref in order to get just the links to the related resources."},"response":[]},{"name":"18. Select the properties","id":"8de48686-d2c7-411a-871a-fb50e18eee8a","protocolProfileBehavior":{"disableBodyPruning":true},"request":{"method":"GET","header":[],"url":{"raw":"http://services.odata.org/V4/TripPinService/People?$select=FirstName,LastName","protocol":"http","host":["services","odata","org"],"path":["V4","TripPinService","People"],"query":[{"key":"$select","value":"FirstName,LastName"}]},"description":"You can use the $select system query option to only return specified properties."},"response":[]},{"name":"19. Request full metadata","id":"e02e22f8-22de-4b24-b8bd-470440aa2de7","protocolProfileBehavior":{"disableBodyPruning":true},"request":{"method":"GET","header":[],"url":{"raw":"http://services.odata.org/V4/TripPinService/People?$format=application/json;odata.metadata=full","protocol":"http","host":["services","odata","org"],"path":["V4","TripPinService","People"],"query":[{"key":"$format","value":"application/json;odata.metadata=full"}]},"description":"By default OData services return an extremely compact JSON format. This happens by stripping out all of the metadata that should be calculable by \"smart\" OData clients. For generic hypermedia clients, you can request additional metadata by using the Accept header or $format system query option to request application/json;odata.metadata=full. In this case, we get a bunch of additional annotations in the payload indicating type information and relationships to related resources."},"response":[]},{"name":"20. Casting types","id":"7ad3e6b6-1d60-47d0-ba17-d696a59ff31c","protocolProfileBehavior":{"disableBodyPruning":true},"request":{"method":"GET","header":[],"url":{"raw":"http://services.odata.org/V4/TripPinService/People('russellwhyte')/Trips(0)/PlanItems/Microsoft.OData.SampleService.Models.TripPin.Flight","protocol":"http","host":["services","odata","org"],"path":["V4","TripPinService","People('russellwhyte')","Trips(0)","PlanItems","Microsoft.OData.SampleService.Models.TripPin.Flight"]},"description":"Another way of filtering items is to use a type cast segment. In this case we are looking for all of the flights that are part of Russell's trip. A type cast also allows us to append additional path segments that are properties of the subtype."},"response":[]},{"name":"21. Create an entity","id":"eca602cb-b836-46bc-a470-fd5aa358d6ff","protocolProfileBehavior":{"disableBodyPruning":true},"request":{"method":"POST","header":[{"key":"Content-Type","value":"application/json"}],"body":{"mode":"raw","raw":"{\n  \"UserName\": \"miathompson\",\n  \"FirstName\": \"Mia\",\n  \"LastName\": \"Thompson\",\n  \"Gender\": \"Female\"\n}"},"url":{"raw":"http://services.odata.org/V4/TripPinService/People","protocol":"http","host":["services","odata","org"],"path":["V4","TripPinService","People"]},"description":"To create a resource, send a POST to a collection."},"response":[]},{"name":"22. Delete an entity","id":"b2ab57c6-865c-46ca-8a76-50dcd28469b3","protocolProfileBehavior":{"disableBodyPruning":true},"request":{"method":"DELETE","header":[{"key":"If-Match","value":"W/\"08D2931BACB7D7FD\""}],"body":{"mode":"formdata","formdata":[]},"url":{"raw":"http://services.odata.org/V4/TripPinService/People('miathompson')","protocol":"http","host":["services","odata","org"],"path":["V4","TripPinService","People('miathompson')"]},"description":"To remove a resource, send an HTTP DELETE to the resource URL. Note: since the People entity set has concurrency enabled, you will need to request the resource and set the If-Match header to the appropriate value to run this request."},"response":[]},{"name":"23. Update an entity","id":"e9ac6166-ef4b-4326-a9ad-118028de29da","protocolProfileBehavior":{"disableBodyPruning":true},"request":{"method":"PATCH","header":[{"key":"If-Match","value":"W/\"08D2931BACB7D7FD\""},{"key":"Content-Type","value":"application/json"}],"body":{"mode":"raw","raw":"{\n  \"Emails\": [\"miathompson@contoso.com\", \"miathompson@example.com\"]\n}"},"url":{"raw":"http://services.odata.org/V4/TripPinService/People('miathompson')","protocol":"http","host":["services","odata","org"],"path":["V4","TripPinService","People('miathompson')"]},"description":"To update a resource, send a PATCH request with the properties you wish to modify. You can also use PUT, but the semantics for put require all properties to be either sent on the wire or reverted to their default values. Note: since the People entity set has concurrency enabled, you will need to request the resource and set the If-Match header to the appropriate value to run this request."},"response":[]},{"name":"24. Invoke an unbound function","id":"49870c3b-bfb2-466a-a221-aabcdfa4e630","protocolProfileBehavior":{"disableBodyPruning":true},"request":{"method":"GET","header":[],"url":{"raw":"http://services.odata.org/V4/TripPinService/GetNearestAirport(lat = 33, lon = -118)","protocol":"http","host":["services","odata","org"],"path":["V4","TripPinService","GetNearestAirport(lat = 33, lon = -118)"]},"description":"OData support unbound custom functions. The unbound functions can be invoked either with parameters or not and unbound functions can be viewed in the $metadata. Note: OData functions CANNOT have side effect, so only GET verb is allowed."},"response":[]},{"name":"25. Invoke a bound function","id":"1cd45977-016d-4ca9-9c33-c7fe0a737ac3","protocolProfileBehavior":{"disableBodyPruning":true},"request":{"method":"GET","header":[],"url":{"raw":"http://services.odata.org/V4/TripPinService/People('russellwhyte')/Microsoft.OData.SampleService.Models.TripPin.GetFavoriteAirline()","protocol":"http","host":["services","odata","org"],"path":["V4","TripPinService","People('russellwhyte')","Microsoft.OData.SampleService.Models.TripPin.GetFavoriteAirline()"]},"description":"OData support bound custom functions. The bound functions are bounded to a resource. Note: OData functions CANNOT have side effect, so only GET verb is allowed."},"response":[]},{"name":"26. Invoke a bound action","id":"7ee2eaa3-45e3-4e3d-ba14-337f6b7501e6","protocolProfileBehavior":{"disableBodyPruning":true},"request":{"method":"POST","header":[{"key":"Content-Type","value":"application/json"}],"body":{"mode":"raw","raw":"{\n\"userName\": \"scottketchum\",\n\"tripId\": 0\n}"},"url":{"raw":"http://services.odata.org/V4/TripPinService/People('russellwhyte')/Microsoft.OData.SampleService.Models.TripPin.ShareTrip","protocol":"http","host":["services","odata","org"],"path":["V4","TripPinService","People('russellwhyte')","Microsoft.OData.SampleService.Models.TripPin.ShareTrip"]},"description":"OData support bound custom actions. Actions can have side effects. So the HTTP verb for an OData action can be GET,POST,PUT,DELETE according to the behavior of the action. In the example below, the action implies a POST."},"response":[]}]}