{"info":{"_postman_id":"3b7cb6d1-0a92-4810-a4a0-1484811769d3","name":"ScrAPIs - COVID-19 Cases & Deaths in US from the CDC","description":"This is a Postman collection for pulling the number of total cases and deaths from COVID-19 on [the Center for Disease Contral and Prevention (CDC) website](https://www.cdc.gov/coronavirus/2019-ncov/cases-updates/cases-in-us.html). It is designed to pull the HTML from the CDC web page, and parse the content to pull the specific count for the total cases and deaths published on the page.\n\nIf you have any questions about how this collection works, or how it can be used for pulling other data from web page syou can email [mailto:COVID-19@postman.com](COVID-19@postman.com) or [submit a GitHub issue for the project](https://github.com/postmanlabs/covid-19-apis/issues).","schema":"https://schema.getpostman.com/json/collection/v2.1.0/collection.json"},"item":[{"name":"Pull Total Cases and Deaths","event":[{"listen":"test","script":{"id":"664ccbc3-b2e3-48e6-868f-6263ad4d9e53","exec":["","// Function to return items between two strings","var getFromBetween = {","    results:[],","    string:\"\",","    getFromBetween:function (sub1,sub2) {","        if(this.string.indexOf(sub1) < 0 || this.string.indexOf(sub2) < 0) return false;","        var SP = this.string.indexOf(sub1)+sub1.length;","        var string1 = this.string.substr(0,SP);","        var string2 = this.string.substr(SP);","        var TP = string1.length + string2.indexOf(sub2);","        return this.string.substring(SP,TP);","    },","    removeFromBetween:function (sub1,sub2) {","        if(this.string.indexOf(sub1) < 0 || this.string.indexOf(sub2) < 0) return false;","        var removal = sub1+this.getFromBetween(sub1,sub2)+sub2;","        this.string = this.string.replace(removal,\"\");","    },","    getAllResults:function (sub1,sub2) {","        // first check to see if we do have both substrings","        if(this.string.indexOf(sub1) < 0 || this.string.indexOf(sub2) < 0) return;","","        // find one result","        var result = this.getFromBetween(sub1,sub2);","        // push it to the results array","        this.results.push(result);","        // remove the most recently found one from the string","        this.removeFromBetween(sub1,sub2);","","        // if there's more substrings","        if(this.string.indexOf(sub1) > -1 && this.string.indexOf(sub2) > -1) {","            this.getAllResults(sub1,sub2);","        }","        else return;","    },","    get:function (string,sub1,sub2) {","        this.results = [];","        this.string = string;","        this.getAllResults(sub1,sub2);","        return this.results;","    }","};","","// Pulls the HTML response","var html = pm.response.text();","","// Pulls between \"Total cases:\"\" and \"</li>\"\" to get the total cases count","var total_cases = getFromBetween.get(html,\"Total cases:\",\"</li>\");","","// Pulls between \"Total deaths:\"\" and \"</li>\"\" to get the total cases count","var total_deaths = getFromBetween.get(html,\"Total deaths:\",\"</li>\");","","// Grabs the current date","var today = new Date();","var date = today.getFullYear()+'-'+(today.getMonth()+1)+'-'+today.getDate();","","// Grabs results from a CDC Cases environment","var results_store = JSON.parse(pm.environment.get(\"results\")); ","results_store[date] = {};","c = {};","c['cases'] = total_cases;","c['deaths'] = total_deaths;","results_store['date'] = c;","","// Save the results","pm.environment.set(\"results\", JSON.stringify(results_store));","","// visualize the results","pm.visualizer.set(JSON.stringify(results_store));",""],"type":"text/javascript"}}],"id":"729ec77d-6f02-4de0-83bc-3dc48e7bc988","protocolProfileBehavior":{"disableBodyPruning":true},"request":{"method":"GET","header":[],"url":{"raw":"https://www.cdc.gov/coronavirus/2019-ncov/cases-updates/cases-in-us.html","protocol":"https","host":["www","cdc","gov"],"path":["coronavirus","2019-ncov","cases-updates","cases-in-us.html"]},"description":"This request pulls the HTML from the CDC Cases in the U.S. website page, grabs the latest counts for Total cases, deaths, then saves the result to an environment, and displays using the visualizer.\n\nIt is up to you to decide what you want to do with the data now that you have it. It will at least store in the environment for future use. Run manually or setup a monitor to execute on a schedule."},"response":[]}],"event":[{"listen":"prerequest","script":{"id":"431c6d4b-c94b-47dc-92a7-3e95e75e015a","type":"text/javascript","exec":[""]}},{"listen":"test","script":{"id":"18d508a5-02a3-4a97-b496-3bec8e436bc9","type":"text/javascript","exec":[""]}}]}