{"info":{"_postman_id":"67a678b0-36bb-4910-b4bf-19b05200ec6c","name":"Dynamics 365 CST","schema":"https://schema.getpostman.com/json/collection/v2.1.0/collection.json"},"item":[{"name":"data/employees?$top=3","id":"0544b14b-3234-417f-8a7d-6a35c21a74d9","protocolProfileBehavior":{"disableBodyPruning":true},"request":{"auth":{"type":"bearer","bearer":[{"key":"token","value":"{{bearerToken}}","type":"string"}]},"method":"GET","header":[],"body":{"mode":"formdata","formdata":[{"key":"grant_type","value":"{{grant_type}}","type":"text"},{"key":"client_id","value":"{{client_id}}","type":"text"},{"key":"client_secret","value":"{{client_secret}}","type":"text"},{"key":"resource","value":"{{resource}}","type":"text"}]},"url":{"raw":"{{resource}}/data/Employees?$top=3","host":["{{resource}}"],"path":["data","Employees"],"query":[{"key":"$top","value":"3"}]}},"response":[]},{"name":"AuthToken","id":"2fc31d57-a364-4ce5-b5b3-b4afbf603502","protocolProfileBehavior":{"disableBodyPruning":true},"request":{"method":"POST","header":[],"body":{"mode":"formdata","formdata":[{"key":"grant_type","value":"{{grant_type}}","type":"text"},{"key":"client_id","value":"{{client_id}}","type":"text"},{"key":"client_secret","value":"{{client_secret}}","type":"text"},{"key":"resource","value":"{{resource}}","type":"text"}]},"url":{"raw":"https://login.microsoftonline.com/:tenant_id/oauth2/token","protocol":"https","host":["login","microsoftonline","com"],"path":[":tenant_id","oauth2","token"],"variable":[{"id":"a1ab5f3c-8387-4e44-a0c7-3285a7036eb7","key":"tenant_id","value":"{{tenant_id}}","type":"string"}]}},"response":[]},{"name":"CST Metadata EDMX response","id":"b6dbb078-bdd4-4bbd-a5ac-b2eea82277ea","protocolProfileBehavior":{"disableBodyPruning":true},"request":{"auth":{"type":"bearer","bearer":[{"key":"token","value":"{{bearerToken}}","type":"string"}]},"method":"GET","header":[],"body":{"mode":"formdata","formdata":[{"key":"grant_type","value":"{{grant_type}}","type":"text"},{"key":"client_id","value":"{{client_id}}","type":"text"},{"key":"client_secret","value":"{{client_secret}}","type":"text"},{"key":"resource","value":"{{resource}}","type":"text"}]},"url":{"raw":"{{resource}}/data/ProductsV2?$top=3","host":["{{resource}}"],"path":["data","ProductsV2"],"query":[{"key":"$top","value":"3"}]}},"response":[]},{"name":"Metadata/Entities JSON response","id":"ed9b3f24-a6ab-4f85-9d5a-95debb43acba","protocolProfileBehavior":{"disableBodyPruning":true},"request":{"auth":{"type":"bearer","bearer":[{"key":"token","value":"{{bearerToken}}","type":"string"}]},"method":"GET","header":[],"body":{"mode":"formdata","formdata":[{"key":"grant_type","type":"text","value":"{{grant_type}}"},{"key":"client_id","type":"text","value":"{{client_id}}"},{"key":"client_secret","type":"text","value":"{{client_secret}}"},{"key":"resource","type":"text","value":"{{resource}}"}]},"url":{"raw":"{{resource}}/Metadata/DataEntities/","host":["{{resource}}"],"path":["Metadata","DataEntities",""]}},"response":[]},{"name":"API Services","id":"59c8b994-beb7-41ec-bd55-615e2f3c3f8c","protocolProfileBehavior":{"disableBodyPruning":true},"request":{"auth":{"type":"bearer","bearer":[{"key":"token","value":"{{bearerToken}}","type":"string"}]},"method":"GET","header":[],"body":{"mode":"formdata","formdata":[{"key":"grant_type","value":"{{grant_type}}","type":"text"},{"key":"client_id","value":"{{client_id}}","type":"text"},{"key":"client_secret","value":"{{client_secret}}","type":"text"},{"key":"resource","value":"{{resource}}","type":"text"}]},"url":{"raw":"https://cst-2devaos.sandbox.ax.dynamics.com/api/services","protocol":"https","host":["cst-2devaos","sandbox","ax","dynamics","com"],"path":["api","services"]}},"response":[]},{"name":"ProductsV2 By ID ","id":"e3ed19af-ab11-41b8-a22a-a0f5cada112f","protocolProfileBehavior":{"disableBodyPruning":true},"request":{"auth":{"type":"bearer","bearer":[{"key":"token","value":"{{bearerToken}}","type":"string"}]},"method":"GET","header":[{"key":"Content-Type","value":"application/json","type":"text"}],"body":{"mode":"raw","raw":"{\r\n  \"ProductDescription\": \"Pipe Schedule 40 Carbon Steel\"\r\n}"},"url":{"raw":"{{resource}}/Data/ProductsV2('01-01-0005-43O')","host":["{{resource}}"],"path":["Data","ProductsV2('01-01-0005-43O')"]}},"response":[]},{"name":"Create ProductsV2","id":"faea60ac-7a18-4f77-9bc7-ca73a2ca6459","protocolProfileBehavior":{"disableBodyPruning":true},"request":{"auth":{"type":"bearer","bearer":[{"key":"token","value":"{{bearerToken}}","type":"string"}]},"method":"POST","header":[{"key":"Content-Type","value":"application/json","type":"text"}],"body":{"mode":"raw","raw":"{\r\n  \"ProductNumber\": \"99-01-0005-43O\",\r\n  \"NMFCCode\": \"181440\",\r\n  \"ProductType\": \"Item\",\r\n  \"ProductStyleGroupId\": \"\",\r\n  \"ProductVariantNameNomenclatureName\": \"\",\r\n  \"STCCCode\": \"\",\r\n  \"IsProductVariantUnitConversionEnabled\": \"No\",\r\n  \"AreIdenticalConfigurationsAllowed\": \"No\",\r\n  \"StorageDimensionGroupName\": \"\",\r\n  \"ProductVariantNumberNomenclatureName\": \"\",\r\n  \"IsAutomaticVariantGenerationEnabled\": \"No\",\r\n  \"ProductSubType\": \"Product\",\r\n  \"ProductSizeGroupId\": \"\",\r\n  \"VariantConfigurationTechnology\": null,\r\n  \"ProductDimensionGroupName\": \"\",\r\n  \"IsProductKit\": \"No\",\r\n  \"IsCatchWeightProduct\": \"No\",\r\n  \"ProductColorGroupId\": \"\",\r\n  \"ProductDescription\": \"Pipe Schedule 40 Carbon Steel 12\\\" ASTM A53 GRB Engrg Spec= 16-41005  Legacy Item=  Par:01-01-0005-43O;\",\r\n  \"RetailProductCategoryName\": \"\",\r\n  \"ProductSearchName\": \"\",\r\n  \"TrackingDimensionGroupName\": \"\",\r\n  \"ProductName\": \"Pipe Sch 40 CS 12 A53 GRB\",\r\n  \"HarmonizedSystemCode\": \"\"\r\n}"},"url":{"raw":"{{resource}}/Data/ProductsV2","host":["{{resource}}"],"path":["Data","ProductsV2"]}},"response":[]},{"name":"Update specific ProductV2","id":"038ea85e-57b7-4c93-bc55-343465740ee3","protocolProfileBehavior":{"disableBodyPruning":true},"request":{"auth":{"type":"bearer","bearer":[{"key":"token","value":"{{bearerToken}}","type":"string"}]},"method":"PATCH","header":[{"key":"Content-Type","value":"application/json","type":"text"}],"body":{"mode":"raw","raw":"{\r\n  \"ProductDescription\": \"Pipe Schedule 40 Carbon Steel\"\r\n}"},"url":{"raw":"{{resource}}/Data/ProductsV2('01-01-0005-43O')","host":["{{resource}}"],"path":["Data","ProductsV2('01-01-0005-43O')"]}},"response":[]},{"name":"ReleasedProductsV2","id":"aab353a3-4616-4ea6-8cee-17a709416680","protocolProfileBehavior":{"disableBodyPruning":true},"request":{"auth":{"type":"bearer","bearer":[{"key":"token","value":"{{bearerToken}}","type":"string"}]},"method":"POST","header":[{"key":"Content-Type","value":"application/json","type":"text"}],"url":{"raw":"{{resource}}/Data/ReleasedProductsV2?$top=1","host":["{{resource}}"],"path":["Data","ReleasedProductsV2"],"query":[{"key":"$top","value":"1"}]}},"response":[]},{"name":"ProductsV2 ","id":"9a465b22-0d35-407f-b56d-8b0afe93fc2a","protocolProfileBehavior":{"disableBodyPruning":true},"request":{"auth":{"type":"bearer","bearer":[{"key":"token","value":"{{bearerToken}}","type":"string"}]},"method":"GET","header":[{"key":"Content-Type","value":"application/json","type":"text"}],"body":{"mode":"raw","raw":"{\r\n  \"ProductDescription\": \"Pipe Schedule 40 Carbon Steel\"\r\n}"},"url":{"raw":"{{resource}}/data/ProductsV2?$top=15","host":["{{resource}}"],"path":["data","ProductsV2"],"query":[{"key":"$top","value":"15"}]}},"response":[]},{"name":"BillOfMaterialsVersionsV2","id":"55cb2520-c697-4efb-b269-29c9d6b2df6b","protocolProfileBehavior":{"disableBodyPruning":true},"request":{"auth":{"type":"bearer","bearer":[{"key":"token","value":"{{bearerToken}}","type":"string"}]},"method":"GET","header":[{"key":"Content-Type","value":"application/json","type":"text"}],"body":{"mode":"raw","raw":"{\r\n  \"ProductDescription\": \"Pipe Schedule 40 Carbon Steel\"\r\n}"},"url":{"raw":"{{resource}}/Data/BillOfMaterialsVersionsV2?$top=1","host":["{{resource}}"],"path":["Data","BillOfMaterialsVersionsV2"],"query":[{"key":"$top","value":"1"}]}},"response":[]},{"name":"BillOfMaterialsLinesV2","id":"fbfd4a75-70c5-48bd-94e0-c7b366885afe","protocolProfileBehavior":{"disableBodyPruning":true},"request":{"auth":{"type":"bearer","bearer":[{"key":"token","value":"{{bearerToken}}","type":"string"}]},"method":"GET","header":[{"key":"Content-Type","value":"application/json","type":"text"}],"body":{"mode":"raw","raw":"{\r\n  \"ProductDescription\": \"Pipe Schedule 40 Carbon Steel\"\r\n}"},"url":{"raw":"{{resource}}/Data/BillOfMaterialsLinesV2?$top=1","host":["{{resource}}"],"path":["Data","BillOfMaterialsLinesV2"],"query":[{"key":"$top","value":"1"}]}},"response":[]},{"name":"CSTEcoResReleasedProductWarehouseDefaultsCollection","id":"e695972a-1cbd-4d31-9af7-8f9c31a02f89","protocolProfileBehavior":{"disableBodyPruning":true},"request":{"auth":{"type":"bearer","bearer":[{"key":"token","value":"{{bearerToken}}","type":"string"}]},"method":"GET","header":[{"key":"Content-Type","value":"application/json","type":"text"}],"body":{"mode":"raw","raw":"{\r\n  \"ProductDescription\": \"Pipe Schedule 40 Carbon Steel\"\r\n}"},"url":{"raw":"{{resource}}/Data/CSTEcoResReleasedProductWarehouseDefaultsCollection?$top=1","host":["{{resource}}"],"path":["Data","CSTEcoResReleasedProductWarehouseDefaultsCollection"],"query":[{"key":"$top","value":"1"}]}},"response":[]},{"name":"BillOfMaterialsHeaders","id":"b1e06dfe-130b-4626-b078-0dc6d9752e4b","protocolProfileBehavior":{"disableBodyPruning":true},"request":{"auth":{"type":"bearer","bearer":[{"key":"token","value":"{{bearerToken}}","type":"string"}]},"method":"GET","header":[{"key":"Content-Type","value":"application/json","type":"text"}],"body":{"mode":"raw","raw":"{\r\n  \"ProductDescription\": \"Pipe Schedule 40 Carbon Steel\"\r\n}"},"url":{"raw":"{{resource}}/Data/BillOfMaterialsHeaders?$top=1","host":["{{resource}}"],"path":["Data","BillOfMaterialsHeaders"],"query":[{"key":"$top","value":"1"}]}},"response":[]},{"name":"GetReleasedProductsV2","id":"f08b404c-47ac-4df9-b2eb-db32061f2cf7","protocolProfileBehavior":{"disableBodyPruning":true},"request":{"auth":{"type":"bearer","bearer":[{"key":"token","value":"{{bearerToken}}","type":"string"}]},"method":"GET","header":[{"key":"Content-Type","value":"application/json","type":"text"}],"url":{"raw":"{{resource}}/Data/ReleasedProductsV2?$top=1","host":["{{resource}}"],"path":["Data","ReleasedProductsV2"],"query":[{"key":"$top","value":"1"}]}},"response":[]},{"name":"CreateReleasedProductsV2","id":"e4f7d661-b83a-42a7-bdb7-ffd43b6987cd","protocolProfileBehavior":{"disableBodyPruning":true},"request":{"auth":{"type":"bearer","bearer":[{"key":"token","value":"{{bearerToken}}","type":"string"}]},"method":"GET","header":[{"key":"Content-Type","value":"application/json","type":"text"}],"url":{"raw":"{{resource}}/Data/ReleasedProductsV2?$top=1","host":["{{resource}}"],"path":["Data","ReleasedProductsV2"],"query":[{"key":"$top","value":"1"}]}},"response":[]}]}