{"info":{"_postman_id":"96f34a3c-7dbc-4ab2-b706-7a2d77e3b106","name":"FusionLifecycle","schema":"https://schema.getpostman.com/json/collection/v2.1.0/collection.json"},"item":[{"name":"LoginRequestV1","id":"10448d1e-12e2-4f83-af90-c301c838e2eb","protocolProfileBehavior":{"disableBodyPruning":true},"request":{"method":"POST","header":[{"key":"Content-Type","value":"application/json","disabled":false},{"key":"Accept","value":"application/json","type":"text"},{"key":"Cookie","value":"customer=TEAMD3MODERNDEMO;JSESSIONID=6CA8CC56466EFF3F8F88C6C69D1E0E49-n2.web01","type":"text"}],"body":{"mode":"raw","raw":"{\r\n  \"userID\": \"abir.choudhury@teamd3.com\",\r\n  \"password\": \"J5pNZLe8Q2mx55m\"\r\n}"},"url":{"raw":"https://teamd3moderndemo.autodeskplm360.net/rest/auth/1/login","protocol":"https","host":["teamd3moderndemo","autodeskplm360","net"],"path":["rest","auth","1","login"]}},"response":[]},{"name":"WorkspacesV3","id":"432d9ead-b31a-458b-a23b-9a2f86f4f35b","protocolProfileBehavior":{"disableBodyPruning":true},"request":{"method":"GET","header":[{"key":"Cookie","value":"customer=TEAMD3MODERNDEMO;JSESSIONID=6CA8CC56466EFF3F8F88C6C69D1E0E49-n2.web01","type":"text"},{"key":"Accept","value":"application/json","type":"text"},{"key":"Content-Type","value":"application/json","type":"text"}],"url":{"raw":"https://teamd3moderndemo.autodeskplm360.net/api/v3/workspaces","protocol":"https","host":["teamd3moderndemo","autodeskplm360","net"],"path":["api","v3","workspaces"]},"description":"https://teamd3moderndemo.autodeskplm360.net/api/v3/workspaces"},"response":[]},{"name":"TableauV3","id":"2619a05b-3e81-4ca1-9e3d-5ef407b4eada","protocolProfileBehavior":{"disableBodyPruning":true},"request":{"method":"GET","header":[],"url":{"raw":"https://teamd3moderndemo.autodeskplm360.net//api/v3/workspaces/153/tableaus/8133215","protocol":"https","host":["teamd3moderndemo","autodeskplm360","net"],"path":["","api","v3","workspaces","153","tableaus","8133215"]}},"response":[]}]}