{"info":{"_postman_id":"ea5a0c30-171f-4b0d-bfed-45c553440a1c","name":"Dynamics 365 Finance & Operations Service D3Tech","schema":"https://schema.getpostman.com/json/collection/v2.1.0/collection.json"},"item":[{"name":"D365FOService","id":"8c5df9a0-bbab-400c-8dda-4c6d42ba158f","protocolProfileBehavior":{"disableBodyPruning":true},"request":{"auth":{"type":"bearer","bearer":[{"key":"token","value":"{{bearerToken}}","type":"string"}]},"method":"GET","header":[{"key":"Accept","value":"application/json","type":"text"}],"body":{"mode":"formdata","formdata":[{"key":"grant_type","type":"text","value":"{{grant_type}}"},{"key":"client_id","type":"text","value":"{{client_id}}"},{"key":"client_secret","type":"text","value":"{{client_secret}}"},{"key":"resource","type":"text","value":"{{resource}}"}]},"url":{"raw":"{{resource}}","host":["{{resource}}"]}},"response":[]},{"name":"D365FOProductV2Service","id":"d0310ae0-6aa6-43b4-893b-9fd8c01e4abf","protocolProfileBehavior":{"disableBodyPruning":true},"request":{"auth":{"type":"bearer","bearer":[{"key":"token","value":"{{bearerToken}}","type":"string"}]},"method":"GET","header":[{"key":"Content-Type","value":"application/json","type":"text"},{"key":"Accept","value":"application/json","type":"text"}],"body":{"mode":"raw","raw":"{\r\n  \"ProductDescription\": \"Pipe Schedule 40 Carbon Steel\"\r\n}"},"url":{"raw":"{{resource}}/data/D365FOProductV2Service?$top=15","host":["{{resource}}"],"path":["data","D365FOProductV2Service"],"query":[{"key":"$top","value":"15"}]}},"response":[]},{"name":"D365FOProductV2Service","id":"4e2567d7-4bd7-426e-9166-657cbe8e9996","protocolProfileBehavior":{"disableBodyPruning":true},"request":{"method":"POST","header":[{"key":"Content-Type","type":"text","value":"application/json"},{"key":"Accept","type":"text","value":"application/json"}],"body":{"mode":"raw","raw":"{\r\n    \"NMFCCode\": \"181440\",\r\n    \"ProductDescription\": \"Created by D365FOService\",\r\n    \"ProductDimensionGroupName\": \"\",\r\n    \"ProductName\": \"Test D3\",\r\n    \"ProductNumber\": \"123456\",\r\n    \"ProductSubType\": \"Product\",\r\n    \"ProductType\": \"Item\"\r\n}"},"url":{"raw":"{{resource}}/D365FOProductV2Service","host":["{{resource}}"],"path":["D365FOProductV2Service"]}},"response":[]},{"name":"D365FOReleasedProductsV2Service","id":"798fdade-1cb7-4303-b33b-694fa2d0e9bc","protocolProfileBehavior":{"disableBodyPruning":true},"request":{"auth":{"type":"bearer","bearer":[{"key":"token","value":"{{bearerToken}}","type":"string"}]},"method":"GET","header":[{"key":"Content-Type","value":"application/json","type":"text"},{"key":"Accept","value":"application/json","type":"text"}],"body":{"mode":"raw","raw":"{\r\n  \"ProductDescription\": \"Pipe Schedule 40 Carbon Steel\"\r\n}"},"url":{"raw":"{{resource}}/D365FOReleasedProductsV2Service?$top=1","host":["{{resource}}"],"path":["D365FOReleasedProductsV2Service"],"query":[{"key":"$top","value":"1"}]}},"response":[]},{"name":"D365FOReleasedProductWarehouseDefaultsService","id":"b2df77b6-036c-4aaf-a9a9-810809c13da2","protocolProfileBehavior":{"disableBodyPruning":true},"request":{"auth":{"type":"bearer","bearer":[{"key":"token","value":"{{bearerToken}}","type":"string"}]},"method":"GET","header":[{"key":"Content-Type","value":"application/json","type":"text"},{"key":"Accept","value":"application/json","type":"text"}],"body":{"mode":"raw","raw":"{\r\n  \"ProductDescription\": \"Pipe Schedule 40 Carbon Steel\"\r\n}"},"url":{"raw":"{{resource}}/D365FOReleasedProductWarehouseDefaultsService?$top=1","host":["{{resource}}"],"path":["D365FOReleasedProductWarehouseDefaultsService"],"query":[{"key":"$top","value":"1"}]}},"response":[]},{"name":"D365FOBillOfMaterialsHeadersService","id":"11fcd76a-203c-449c-bd6f-1f1a5f753ecf","protocolProfileBehavior":{"disableBodyPruning":true},"request":{"auth":{"type":"bearer","bearer":[{"key":"token","value":"{{bearerToken}}","type":"string"}]},"method":"GET","header":[{"key":"Content-Type","value":"application/json","type":"text"},{"key":"Accept","value":"application/json","type":"text"}],"body":{"mode":"raw","raw":"{\r\n  \"ProductDescription\": \"Pipe Schedule 40 Carbon Steel\"\r\n}"},"url":{"raw":"{{resource}}/D365FOBillOfMaterialsHeadersService?$top=1","host":["{{resource}}"],"path":["D365FOBillOfMaterialsHeadersService"],"query":[{"key":"$top","value":"1"}]}},"response":[]},{"name":"D365FOBillOfMaterialsLinesV2Service","id":"79551268-559c-4b64-b34f-59777613f752","protocolProfileBehavior":{"disableBodyPruning":true},"request":{"auth":{"type":"bearer","bearer":[{"key":"token","value":"{{bearerToken}}","type":"string"}]},"method":"GET","header":[{"key":"Content-Type","value":"application/json","type":"text"},{"key":"Accept","value":"application/json","type":"text"}],"body":{"mode":"raw","raw":"{\r\n  \"ProductDescription\": \"Pipe Schedule 40 Carbon Steel\"\r\n}"},"url":{"raw":"{{resource}}/Data/D365FOBillOfMaterialsLinesV2Service?$top=1","host":["{{resource}}"],"path":["Data","D365FOBillOfMaterialsLinesV2Service"],"query":[{"key":"$top","value":"1"}]}},"response":[]},{"name":"D365FOBillOfMaterialsVersionsV2Service","id":"50e282fd-a285-42cd-b96e-072d5734a07d","protocolProfileBehavior":{"disableBodyPruning":true},"request":{"auth":{"type":"bearer","bearer":[{"key":"token","value":"{{bearerToken}}","type":"string"}]},"method":"GET","header":[{"key":"Content-Type","value":"application/json","type":"text"},{"key":"Accept","value":"application/json","type":"text"}],"body":{"mode":"raw","raw":"{\r\n  \"ProductDescription\": \"Pipe Schedule 40 Carbon Steel\"\r\n}"},"url":{"raw":"{{resource}}/D365FOBillOfMaterialsVersionsV2Service?$top=1","host":["{{resource}}"],"path":["D365FOBillOfMaterialsVersionsV2Service"],"query":[{"key":"$top","value":"1"}]}},"response":[]},{"name":"Create Warehouse","id":"e7052d2f-341b-4adc-b355-c75087bbf110","protocolProfileBehavior":{"disableBodyPruning":true},"request":{"auth":{"type":"bearer","bearer":[{"key":"token","value":"{{bearerToken}}","type":"string"}]},"method":"POST","header":[{"key":"Content-Type","value":"application/json","type":"text"},{"key":"Accept","value":"application/json","type":"text"}],"body":{"mode":"raw","raw":"{\r\n  \"ProductDescription\": \"Pipe Schedule 40 Carbon Steel\"\r\n}"},"url":{"raw":"{{resource}}/D365FOReleasedProductWarehouseDefaultsService","host":["{{resource}}"],"path":["D365FOReleasedProductWarehouseDefaultsService"]}},"response":[]}]}